年月日,"降水量合計(mm)","平均気温(℃)","最高気温(℃)","最低気温(℃)","平均湿度(％)","最小(％)","日照時間(h)",当年(kWh)
2025/2/19,0,2.7,7.7,-1.9,33,10,10.4,0
2025/2/18,0,4.1,9,-1.5,27,14,8.6,0
2025/2/17,0,8.2,15.8,2.6,48,19,7.8,1.1
2025/2/16,0,10.6,16.1,5.9,48,25,5.8,4.4
2025/2/15,0,8.7,14.4,2.4,44,24,10.2,10.5
2025/2/14,0,6.2,14.1,-3.4,35,13,10.4,12.3
2025/2/13,0,5.2,10.9,-0.2,40,21,9.8,15.8
2025/2/12,0,3.3,10.9,-4,51,32,8.2,14.1
2025/2/11,0,3.4,8.8,-3.4,45,20,10.2,15.9
2025/2/10,0,4,10.9,-2.3,38,16,10.2,14.2
2025/2/9,0,3.7,10.4,-2.4,37,13,9.8,16.9
2025/2/8,0,3.1,8.3,-1.3,40,20,9.9,8.9
2025/2/7,0,3.1,8.9,-4.3,35,13,7.5,12.1
2025/2/6,0,3.3,9,-1.8,26,12,9.6,13
2025/2/5,0,3,9,-2.8,40,11,7.8,14.6
2025/2/4,0,5.2,10.2,1,53,27,7.4,14.2
2025/2/3,0.5,5.3,9.8,2.5,75,47,1.5,12.2
2025/2/2,4.5,4,7.7,2.8,93,53,0,12.4
2025/2/1,0,6.2,11.8,-0.7,45,22,6.8,10.2
2025/1/31,0,5.5,12.1,-0.3,39,17,9.8,15.7
2025/1/30,0,4.2,11.7,-4.5,44,15,9.7,10.7
2025/1/29,0,5.9,12.4,-0.2,34,10,9.7,11.4
2025/1/28,0,7.2,14.3,1,48,29,9.1,13.7
2025/1/27,0,4.5,10.3,-2.4,54,27,3.6,13.7
2025/1/26,0,6.3,11.6,1.8,41,22,9.7,12.6
2025/1/25,0,6.6,11.2,2.7,57,16,7,10.5
2025/1/24,1.5,7.5,13.8,-0.4,67,29,9.6,12.7
2025/1/23,0,6.4,13.3,1.1,64,39,9,9.4
2025/1/22,0,7.3,13.5,2,44,22,9.2,11.8
2025/1/21,1.5,8.4,13,5.2,76,42,6.3,13.3
2025/1/20,1,8.6,14.2,2.4,68,45,6.4,13.9
2025/1/19,0,4,9.4,-2.9,62,33,3.6,15.2
2025/1/18,0,3.6,9.2,-1.3,42,25,9.6,15.4
2025/1/17,0,3.7,8.3,-2.8,43,22,9.5,15.1
2025/1/16,0,3.4,8.2,-1,46,26,4.7,12.5
2025/1/15,0,4.7,13.4,-2.3,58,29,8.8,10.1
2025/1/14,0,4.1,13,-3.4,58,23,9.4,10.5
2025/1/13,0,5.1,12.2,-2.1,56,27,9.2,13.2
2025/1/12,0,3.3,7.8,-1.5,68,37,0.9,8.9
2025/1/11,0,2.9,10.6,-3.9,51,23,8.3,14.4
2025/1/10,0,2.9,8.6,-3.5,38,18,9.3,11.7
2025/1/9,0,3.7,12.2,-4.1,50,16,9.3,10.3
2025/1/8,0,4.1,10.8,-2.5,51,20,7.7,10.3
2025/1/7,0.5,7.4,13.7,1.5,69,36,2.1,14.4
2025/1/6,19,2.7,7,-2.7,80,41,0.2,12.4
2025/1/5,0,2.2,9.7,-4.1,61,34,7.5,11.2
2025/1/4,0,3.9,9.5,-0.8,52,20,7.7,11.9
2025/1/3,0,4.7,7.1,1.6,75,55,0.2,5.2
2025/1/2,0,5.4,14.2,-3.2,54,22,8.8,12.6
2025/1/1,0,6.3,11.5,0.4,32,19,9.2,13
2024/12/31,0,6.4,14.8,-0.7,56,23,7.4,13.2
2024/12/30,0,4.9,10.9,-1.2,51,24,7.3,14.4
2024/12/29,0,3.4,11.9,-4.1,62,24,8.6,13.5
2024/12/28,0,2.8,10.4,-3.6,67,30,6.8,13.7
2024/12/27,0,5.9,11.6,-0.3,49,30,6.3,13.5
2024/12/26,0,7.3,15.8,-0.4,54,25,7.8,9
2024/12/25,0,5.9,10.6,0.8,43,28,6.6,11.7
2024/12/24,0,5.1,11.9,-2.2,50,19,9.1,14.7
2024/12/23,0,5,11.4,-1.5,36,14,9.2,11.3
2024/12/22,0,5.7,10.2,0.2,48,27,7.1,11.2
2024/12/21,0,7.3,17.4,-1.6,65,26,8.6,8.3
2024/12/20,0,6.1,11.2,0.5,44,20,6.5,14.6
2024/12/19,0,4.9,8.7,0.5,57,31,6.1,12.7
2024/12/18,0,5.6,12.2,-2,61,24,8.8,9.3
2024/12/17,0,5.6,13.7,-2.1,66,26,9.1,14.8
2024/12/16,0,4.7,12.6,-2.2,64,29,9,10.5
2024/12/15,0,4,12.7,-2.6,57,25,9.2,10.9
2024/12/14,0,6.2,11.7,-0.3,44,19,8.6,13.4
2024/12/13,0,2.6,6.4,-2.6,64,38,0,12
2024/12/12,0,5.8,11,0.2,40,20,9.2,9.8
2024/12/11,0,6.7,13.7,0.7,58,31,7.4,9.9
2024/12/10,0,6.8,14.2,0.3,54,23,9.1,10.6
2024/12/9,0,6.7,12.8,1.4,45,24,9.2,9.9
2024/12/8,0,6,12.7,1.3,62,27,7.5,9.5
2024/12/7,0,7.1,12.1,1.2,60,34,8.5,9.8
2024/12/6,0,8.9,16.8,1,56,21,8.9,7.6
2024/12/5,0,10,15.6,5.4,57,36,7.1,10.1
2024/12/4,0,10.8,17.8,5.2,63,32,7.2,9.3
2024/12/3,0,10.1,18.7,3.3,76,36,9.2,9.8
2024/12/2,0,10.3,17.1,3.7,73,45,9,8.6
2024/12/1,0,10.1,17.2,4.1,59,27,9.3,13
2024/11/30,0,8.4,16.2,0.8,60,21,9.3,7.1
2024/11/29,0,9,15.9,1.7,51,22,6.2,10.6
2024/11/28,0,11,17,5.6,60,22,9.3,7.8
2024/11/27,13,14.1,20.8,9.1,88,62,6.8,9.7
2024/11/26,9,7.9,12.9,2,79,47,2.3,9
2024/11/25,0,9.2,14.8,4.3,55,32,9.4,6.3
2024/11/24,0,10.2,15.4,5.7,51,29,8.7,7.9
2024/11/23,0,11,15.5,6.5,46,27,9.4,11.4
2024/11/22,0,10.9,18.5,3.7,78,43,9.1,9.9
2024/11/21,2.5,10.5,14.5,6.8,95,82,1.3,5.1
2024/11/20,4,6.7,8.4,4.8,85,71,0,5.4
2024/11/19,0,9.3,13.2,5.2,44,31,9.4,7.8
2024/11/18,0.5,13.5,18,8.7,52,32,1.4,5.7
2024/11/17,0,18.7,24.6,14.8,79,56,6.7,8.9
2024/11/16,0,15.3,18.7,11.8,88,61,0,3.5
2024/11/15,8.5,15.2,17.8,13.1,94,83,0,4.5
2024/11/14,0,15.3,18.2,9.8,67,51,3.1,7.7
2024/11/13,0,16.3,20.7,10.4,61,34,9.3,5
2024/11/12,0,14.8,21.3,8.4,77,47,9.5,6.4
2024/11/11,0,16.5,22.2,12,80,49,0.0 ],6.7
2024/11/10,0,13.1,16.5,10,70,49,0.5,3.5
2024/11/9,0,10.9,17.6,4.2,67,30,9.8,4.5
2024/11/8,0,11.1,16.2,6.8,52,29,9.8,5.7
2024/11/7,0,12.2,16.5,8.6,52,30,9.9,9.6
2024/11/6,0,13.9,16,10.6,71,56,0.2,5.2
2024/11/5,0,15.9,20.5,11,72,47,3,5.2
2024/11/4,0,15.5,23.5,8.9,77,47,9.2,3.9
2024/11/3,0,17.6,22.2,11.6,59,30,9.4,8.2
2024/11/2,32.5,16,16.9,14.9,98,87,0,6
2024/11/1,0,15.6,20.2,10.2,80,56,3.4,5.5
2024/10/31,0,15.6,20.9,11.7,60,31,7.5,3.9
2024/10/30,18.5,16.8,24,12.4,74,40,5.3,5.2
2024/10/29,20.5,15.4,18.8,12.2,74,50,0,4.8
2024/10/28,6,19.3,21.5,17.4,81,61,0,5.8
2024/10/27,0,19.4,23.8,16.5,84,62,3.3,5.4
2024/10/26,0,18.1,20.6,15.8,88,71,0,5
2024/10/25,0.5,20.2,22,17.3,79,65,0,6.4
2024/10/24,0,22.1,26,17.7,80,62,4.1,4.3
2024/10/23,0,19.5,21.2,18.2,90,81,0,6.3
2024/10/22,0,18.6,24.1,11.8,68,46,4.1,6.2
2024/10/21,0,15.1,20.9,8.8,65,41,6.5,3.7
2024/10/20,0,16.9,21.8,11.1,52,34,6.7,6.2
2024/10/19,2,23.5,29.1,20.3,87,62,3.1,5.8
2024/10/18,2,20.7,21.7,19.6,97,90,0,5
2024/10/17,0,22.1,26.1,18.5,84,64,1.5,5.2
2024/10/16,0,20.7,24.2,16.6,82,62,0,7.1
2024/10/15,0,21.9,27.5,17.8,71,42,8.1,5.3
2024/10/14,0,19.9,26,13.9,75,40,10.4,5.9
2024/10/13,0,20.2,26.4,15,72,33,10.7,3.3
2024/10/12,0,20.3,25.9,14.8,76,46,10.3,3.4
2024/10/11,0,18.9,24.8,12.7,69,40,9,4.5
2024/10/10,0,17.4,21.2,13.7,79,66,0.3,6.7
2024/10/9,29,16.5,18.2,15,91,80,0,6
2024/10/8,21.5,19,24,14.8,94,73,0,4
2024/10/7,0,24.9,30.7,20.3,84,62,3,6.1
2024/10/6,0,21.2,23.1,19,96,88,0,7.9
2024/10/5,5,20.6,22.9,19,96,84,0,3.9
2024/10/4,4,22.7,27.7,20.2,97,83,0.3,8.4
2024/10/3,9.5,22.4,25,21.1,91,76,0,4.4
2024/10/2,0,25.7,33,19.9,74,40,10.9,6.4
2024/10/1,0.5,22.8,26.8,19.1,85,68,2.9,5.7
2024/9/30,0,22.7,26.1,20,76,57,0.6,5.7
2024/9/29,1.5,22.4,24.2,21.2,88,74,0,5.4
2024/9/28,0,24.4,28.6,21.3,82,62,0.8,6.6
2024/9/27,2.5,23.8,25.7,22.8,92,81,0,6.4
2024/9/26,0,25.1,30.9,19.9,74,50,9.2,5.9
2024/9/25,0.5,20.9,24.8,17.3,80,54,0,6.7
2024/9/24,0,20.7,25.2,16.8,65,45,0.6,4.4
2024/9/23,0,22.8,27.5,19.6,76,53,3.5,6.4
2024/9/22,3.5,22.5,25,20.2,94,86,0,5.1
2024/9/21,0.5,25.9,30.3,22.2,89,75,0.2,8.5
2024/9/20,0,28.6,35.7,23.7,81,44,4.8,9.6
2024/9/19,0,27.3,32,24.5,86,62,2.5,8.7
2024/9/18,2,28.3,36.4,24.7,85,45,7.3,9.2
2024/9/17,0,28.4,34.8,23.5,77,52,11.5,6.8
2024/9/16,0.5,26.3,29.3,23.8,86,71,0,11.3
2024/9/15,9.5,30,34.9,25.3,76,53,9.5,6.8
2024/9/14,0,29.9,35,25.5,74,47,10.8,9.7
2024/9/13,0,30.3,35,26.4,73,54,10.8,9.7
2024/9/12,0,30.2,35.3,26.6,76,53,10.3,8.6
2024/9/11,0,30.1,35.9,26,76,47,11.8,7.4
2024/9/10,0,29.4,34.8,25.5,75,45,9.7,7.8
2024/9/9,1,28.5,33.4,25.5,79,52,6.6,2.4
2024/9/8,16,28.5,35.3,24.7,82,45,7.4,2.4
2024/9/7,0,29.2,35.2,24.3,74,42,10.6,2.4
2024/9/6,0,28.7,35.1,23.8,73,38,9.5,7.7
2024/9/5,0,27.5,32.8,22,71,46,12,5.5
2024/9/4,0,25.8,31,22.3,75,51,10.1,8.1
2024/9/3,0,25.5,28.1,23.1,84,67,0,6.5
2024/9/2,0.5,29.9,34.6,26.2,77,58,11.6,9.8
2024/9/1,9.5,26.3,30.3,23.6,95,80,0.1,9.8
2024/8/31,27.5,27.7,32.8,23.7,90,64,1.9,8
2024/8/30,87,26.2,27.7,24.7,99,91,0,7.4
2024/8/29,102,27.2,31.8,24.5,87,61,0,8.1
2024/8/28,16.5,28.1,32.5,24.4,82,58,3.6,9.4
2024/8/27,9.5,27.8,31.9,25,85,67,2.2,9.7
2024/8/26,0,30,34.9,26.5,70,46,9.9,8.9
2024/8/25,0.5,29.1,34.9,24.7,81,52,8.4,5.6
2024/8/24,27.5,28.4,36.3,24.5,87,53,5,8.4
2024/8/23,0,30.2,34.4,27.8,77,59,6.2,10.5
2024/8/22,0,28.3,32.9,25.8,85,67,0.5,9.7
2024/8/21,0.5,29.2,35.2,25.8,79,46,9.8,7.8
2024/8/20,18.5,28.5,35.2,23.9,82,44,8.2,8.3
2024/8/19,37.5,28.6,35.6,23,85,56,7.5,9.7
2024/8/18,0,30.3,35,26.9,80,57,4.4,9.6
2024/8/17,0,31,37.2,26.4,72,41,10.2,6.6
2024/8/16,25,27.2,29.4,25.4,92,79,0,7.9
2024/8/15,0,30.2,35.4,25.5,76,47,8.8,9.1
2024/8/14,0.5,29.3,32.9,26.8,83,67,2.8,10.5
2024/8/13,0,31.6,37.1,27.4,68,40,11.8,9.5
2024/8/12,0,32.1,37.4,27.2,63,44,10.7,10.7
2024/8/11,0,31.3,37.5,25.4,64,37,10.7,10.2
2024/8/10,0,30,35.2,26,72,47,7,8.9
2024/8/9,0,29.6,35.3,26.5,79,49,9.1,9.7
2024/8/8,0,29,34.4,23.6,81,57,7.1,6.5
2024/8/7,64,28,34.7,22.9,84,48,3.6,10.2
2024/8/6,0,29.9,34.2,27.3,75,54,2.1,9.9
2024/8/5,0,29.9,36.2,25.6,73,48,4.9,11.7
2024/8/4,0,30.6,37.4,25.5,65,41,10,7.1
2024/8/3,0,30.5,36.1,26.4,67,44,13,9.1
2024/8/2,0,29.8,34.8,25.4,67,44,10.3,7.5
2024/8/1,0,28.9,33.5,25,71,47,11,8.9
2024/7/31,4.5,29.7,35.2,25.5,73,46,8.8,8.7
2024/7/30,0,30.8,35.8,28.2,65,46,4.1,10.3
2024/7/29,0,32.3,38.7,28.2,60,35,11,12.6
2024/7/28,0,31,36.8,25.6,72,43,10.2,9.6
2024/7/27,1,29.3,36.9,25.3,81,43,7.2,11.1
2024/7/26,0.5,29.7,37.2,24.9,74,35,7.6,10.1
2024/7/25,0.5,29.7,36.5,25.7,74,45,6.8,9
2024/7/24,7.5,29.3,35.9,23.5,75,42,6.6,11.7
2024/7/23,0,30.8,37.2,24.6,73,38,12.2,10
2024/7/22,24,29.7,37.3,24.9,79,40,9,9.4
2024/7/21,4.5,29.8,36.7,25.4,76,37,11.9,10.1
2024/7/20,58.5,30.4,36.2,25.4,79,49,10.1,7.5
2024/7/19,0,30.4,36.8,25.2,74,43,5.8,9.8
2024/7/18,0,28.8,34.5 ),24.1 ),77,50 ),5.9,6.8
2024/7/17,2.5,26.4,32.3,22.3,84,55,4.4,10.2
2024/7/16,7,23.7,26.2,22.3,90,78,0,4.6
2024/7/15,1,24.3,27.3,22.7,89,77,0,7.6
2024/7/14,2,24.9,27.1,23.9,96,86,0,7.2
2024/7/13,0,26.9,31.8,22.7,78,41,6.9,3.9
2024/7/12,15,24.1,26,22.6,96,82,0,8.1
2024/7/11,0,26.1,28.7,24,88,75,0,9.1
2024/7/10,0,28.8,32.3,25.5,77,61,1.9,9.9
2024/7/9,0,29.6,35,25.9,74,44,5.5,9.4
2024/7/8,0,32.1,38.6,27,66,34,11.5,7.7
2024/7/7,0,30.5,36.7,24.8,74,46,10.5,9.5
2024/7/6,34,28.3,35.2,25,84,50,6.8,10.1
2024/7/5,0,30.3,36.3,24.7,68,43,12.9,7.3
2024/7/4,0,29.8,34.5,24.6,73,49,8.5,8.4
2024/7/3,0,27.3,34.3,23,78,48,5.9,8.8
2024/7/2,0.5,27.9,32.4,23.3,73,37,5.6,6.7
2024/7/1,2,26.6,29.2,23.8,89,82,0,10.7
2024/6/30,2,25.7,28.7,23.1,85,73,0,5.5
2024/6/29,0,24.9,30.3,21.7,81,52,6.1,8.1
2024/6/28,43,22.6,24.2,21.7,96,80,0,5.2
2024/6/27,0,25.7,29.9,23.5,66,47,3.5,6.5
2024/6/26,0,27.4,31.4,24.6,68,44,1.7,10.4
2024/6/25,0,28.3,32,24.5,75,54,0.1,3.8
2024/6/24,0,27.4,34.6,20.8,77,42,6.6,4.8
2024/6/23,20,21.8,24,20.2,92,52,0,6.1
2024/6/22,0,24.3,30.9,15.8,61,36,8.1,3.7
2024/6/21,36.5,20.3,23.4,17.5,92,79,0,8.1
2024/6/20,0,24.6,30.1,19.1,69,39,7.9,4.8
2024/6/19,0,23.5,31.3,15.8,69,30,13.9,8
2024/6/18,69.5,19.4,23.6,18.4,98,87,0,3.5
2024/6/17,0.5,26.7,31,23.2,69,42,3.8,5
2024/6/16,6.5,24.8,30.5,19.2,78,51,7.4,4.7
2024/6/15,0,25.8,31.2,21.6,66,29,7.5,3.9
2024/6/14,0,26.4,33.3,18.9,62,31,12.2,10.3
2024/6/13,0,23.5,26.5,20.8,77,54,2.1,3.6
2024/6/12,0,24.8,30.9,19.6,71,36,13.1,5
2024/6/11,0,24.9,30.5,19.9,68,43,12.8,5.2
2024/6/10,11.5,21.4,25.3,18.1,81,62,0.4,5.8
2024/6/9,0,22.7,26.7,18.6,71,48,0.4,6.6
2024/6/8,0,22.8,29.2,16.5,64,24,11.4,4.1
2024/6/7,0,22.7,27.9,19.2,62,39,3.8,6
2024/6/6,0,22.5,27.1,19,67,48,3.7,5.2
2024/6/5,0,21.8,28.1,16.3,62,30,12.9,7.1
2024/6/4,0.5,20.1,25.3,15.8,72,39,7.3,3.8
2024/6/3,5.5,18.6,25,15.4,83,47,4,5.5
2024/6/2,10.5,18.3,22.8,16.6,89,58,0.5,6.1
2024/6/1,0.5,21.1,27.1,17.9,72,37,8.3,6.7
2024/5/31,23,19.2,21.2,16.7,90,71,0,6.5
2024/5/30,0,22.4,28.1,17.1,68,44,6.7,6.3
2024/5/29,1.5,23,28.3,19.1,57,31,7.8,6.7
2024/5/28,8,23.1,27.2,20.2,90,74,0,3.5
2024/5/27,0,21.6,26,17.3,81,64,0,6.8
2024/5/26,0,21.6,25.7,18.2,57,35,5.2,6.7
2024/5/25,0,21.7,27.7,18.9,40,21,9.7,5.8
2024/5/24,0,23.4,31.2,17.3,66,27,10.8,7
2024/5/23,0,20.9,25.8,16.1,75,53,2.6,3.7
2024/5/22,0,20.7,25.2,17.1,58,35,7.8,7.2
2024/5/21,36,22.3,28.8,16.5,75,36,7.4,4
2024/5/20,23,17.7,22.3,14.2,88,67,2.5,3.9
2024/5/19,0,20.7,25,17.1,72,48,0,8.4
2024/5/18,0,21.7,29.3,13.8,54,27,12.6,6.7
2024/5/17,0,20.7,27.3,11.9,45,22,13.1,5.3
2024/5/16,8.5,19.1,25.9,15,73,37,4.3,6.8
2024/5/15,2,19.2,26.1,11.7,73,45,7.6,7.6
2024/5/14,0,17.2,22.1,12.6,65,34,9.3,4.2
2024/5/13,45,17.7,21,15.2,94,62,0,7.3
2024/5/12,0,21.3,24.3,17.8,57,44,2.7,6.3
2024/5/11,0,19.6,26.2,11.9,58,29,13.1,7
2024/5/10,0,17.1,24.3,7.4,46,17,13.2,4
2024/5/9,4.5,13.3,18.4,9.9,68,37,6.5 ),5.5
2024/5/8,10.5,17.6,24.1,11.6,82,47,0.8,8.1
2024/5/7,1.5,19.4,23.2,16.9,88,67,0.3,4.9
2024/5/6,0,21.4,23.2,19,57,46,0.8,7.3
2024/5/5,0,21.8,29.9,12.7,51,17,12.8,6.7
2024/5/4,0,20.4,28.8,12,56,16,13,7.8
2024/5/3,0,17.5,25.2,10.2,65,27,13,3.7
2024/5/2,5,15.6,20.9,10.9,64,29,11.6,6.8
2024/5/1,29,16.1,19.8,11.6,95,85,0,6
2024/4/30,1,20.8,24.1,19.1,85,69,1.2,7
2024/4/29,0,21.4,27.4,15.9,74,41,7.8,7.2
2024/4/28,0,21.6,29.1,14.1,66,26,11.2,3.9
2024/4/27,0,20,23.9,16.7,80,51,0,7.7
2024/4/26,0,20.3,25.3,14.8,66,38,5.2,8
2024/4/25,0.5,19.6,27,13.9,68,37,11.1,4.9
2024/4/24,16,14.9,16.3,13.8,94,79,0,6.6
2024/4/23,1,16.5,19.4,14.4,87,67,0,5.1
2024/4/22,3,15.5,17.8,12.9,88,77,0,10.8
2024/4/21,2,18.9,23.4,15.9,61,37,1.3,5.6
2024/4/20,0,18.7,27.3,9.4,47,19,8.3,6
2024/4/19,0,17.3,21.9,11.7,44,27,12.1,7.2
2024/4/18,1.5,17.9,20.9,13.7,63,42,0.1,7.9
2024/4/17,0,19.6,25.7,13.2,66,34,8,7.3
2024/4/16,0,18.6,23.9,12.6,67,43,7.2,4.6
2024/4/15,0,18.7,26.8,11.3,64,29,11.6,6.7
2024/4/14,0,17.8,25.6,10.8,65,30,11.9,9
2024/4/13,0,16.2,22.7,9.4,67,35,11.5,8.2
2024/4/12,0,14.9,19,11.4,70,49,3.3,6.5
2024/4/11,0,13.1,18.9,5,61,33,8.3,5.1
2024/4/10,0,11.4,16.9 ),6.5 ),40,17 ),12.2,8.5
2024/4/9,42,15.1,20.6,8.4,75,41,0,3.5
2024/4/8,2.5,18.2,22.8,14.4,88,54,0.5,5.8
2024/4/7,0,17.1,23.7,12.4,78,46,9.1,10.1
2024/4/6,0,12.5,15.8,9.4,82,65,0,5.3
2024/4/5,2,10.4,14.1,7.9,82,51,0,10.5
2024/4/4,1,15,19.9,10.5,76,46,0,7.8
2024/4/3,6.5,11.5,13.8,9.1,83,55,0,5
2024/4/2,0,13.6,20.3,7.1,48,24,10,8.2
2024/4/1,2.5,14.5,18.9,9.5,67,38,2.3,4
2024/3/31,0,17.5,26.9,9.5,69,23,10.5,9.1
2024/3/30,0,17.2,24.9,10.4,66,22,10.1,6
2024/3/29,40.5,16,21.6,9,92,66,3.8,8.5
2024/3/28,8,9,14.1,3.5,71,45,0,9.5
2024/3/27,0,10.4,15.3,5,51,23,11.5,8.3
2024/3/26,32,9.2,11.4,7,94,84,0,9.9
2024/3/25,5.5,11.2,13.1,9.3,96,92,0,8.8
2024/3/24,0,9.4,15.9,0.7,81,56,0.4,8.3
2024/3/23,0,4.6,9,0.5,60,42,2.9,11.6
2024/3/22,0,5.6,11.7,-1.3,34,16,11.5,11.8
2024/3/21,0,5.4,10.1,0.9,32,18,11.4,9
2024/3/20,0.5,6.3,13,0.7,58,37,6.2,11.6
2024/3/19,0,7.3,12.5,1.5,41,17,5.5,6.6
2024/3/18,0,8.3,13,2.5,30,14,11.4,6.2
2024/3/17,0,14.4,21.8,6.3,56,35,7.4,8.7
2024/3/16,0,14.4,21.3,8.5,40,12,11.1,10.2
2024/3/15,0,11.1,17.4,3.9,46,23,11.2,9.2
2024/3/14,0,8.9,15.8,0.7,48,29,11.3,12.6
2024/3/13,0,8.4,12.1,4.9,45,26,10.3,11.4
2024/3/12,20.5,7.1,9.4,5.2,75,52,0,11.2
2024/3/11,0,7.1,13.8,-0.7,50,27,9.4,11.7
2024/3/10,0,5.5,11.5,-0.1,40,23,11,18.5
2024/3/9,0,5,9.6,0.7,54,19,10.9,9.2
2024/3/8,16.5,4.8,9.8,0.3,85,55,5.7,11.7
2024/3/7,0,6.9,10.2,4.6,47,35,4.2,12.4
2024/3/6,9.5,5.2,9.6,0.4,81,47,0.1,14.9
2024/3/5,17.5,5,8.5,0.4,72,43,0,10.3
2024/3/4,0,7.2,14.1,-0.3,48,20,10.8,9.4
2024/3/3,0,6.3,13.1,-1.4,40,26,10.5,11.6
2024/3/2,0,5.5,8.8,2.1,34,21,8.3,13.4
2024/3/1,13.5,9,14.8,3,65,33,7.5,10.4
2024/2/29,4,6.4,11.3,-0.3,58,32,2.9,14.6
2024/2/28,0,7.5,13.2,3.2,38,23,10,8
2024/2/27,0,6.3,10.2,2.8,36,24,10.7,12.6
2024/2/26,1.5,7.3,11.8,3.1,54,29,10.4,12.8
2024/2/25,6.5,4,5.5,2.8,85,54,0,16.4
2024/2/24,0,5.4,9.7,1.4,58,34,10,12.7
2024/2/23,5,2.8,3.7,1.6,93,80,0,14.6
2024/2/22,4.5,5.2,6.9,3.3,97,87,0,11.5
2024/2/21,3,8.6,12.4,6.8,92,72,0,9.1
2024/2/20,0,17.4,23.9,12.4,70,43,3.8,7.7
2024/2/19,1.5,13.6,17.8,8.4,89,72,0,5.9
2024/2/18,0,13,18.7,8,66,42,7.7,10.1
2024/2/17,0,8.6,13.2,3.7,51,36,5.4,13.2
2024/2/16,0,9.7,17.4,5.3,38,19,9.8,8.7
2024/2/15,0,12.7,20.7,1.8,64,37,7,14.6
2024/2/14,0,8.9,18,-0.9,53,15,8.4,7.3
2024/2/13,0,6.9,17.1,-2,56,31,10.2,5.4
2024/2/12,0,6,12.8,1,53,19,8.6,10.9
2024/2/11,0,7.3,11.6,3.1,44,23,9.8,3.6
2024/2/10,0,5.5,12,-0.8,65,35,8.9,10.6
2024/2/9,0,5.8,10.7,1.3,56,33,7.1,9.3
2024/2/8,0,4,10.6,-2.4,66,28,7.9,17.3
2024/2/7,0,2.6,8.5,-3.5,76,41,9.7,10.2
2024/2/6,1,3,6.2,0.8,91,70,0,15
2024/2/5,25.5,2.3,5.5,0.3,73,41,0,14.9
2024/2/4,0,5.3,8.4,3.1,54,36,0.2,16
2024/2/3,0,6.4,11.3,2.2,36,24,9.2,8.9
2024/2/2,0,4.2,7.6,2,39,33,2.2,11.7
2024/2/1,0,8.1,16.4,3.8,50,28,8.9,12.2
2024/1/31,0,6.4,14.6,-1.2,64,33,9.6,14
2024/1/30,0,6.2,13.3,-0.2,48,22,9.6,7.5
2024/1/29,0,5.8,11.7,1.1,45,24,9.7,2.5
2024/1/28,0,4.5,10.3,-0.5,49,30,4,2.5
2024/1/27,0,6.2,12,0.1,35,22,9.7,4.6
2024/1/26,0,5.4,11.1,-0.5,33,20,9.7,15.8
2024/1/25,0,3.4,8.3,-2.9,29,15,9.7,17
2024/1/24,0,3.9,8,1.2,30,14,9.2,13.8
2024/1/23,0,7.7,13.4,1.7,61,29,6.6,7.5
2024/1/22,0,9.4,14,2.4,76,55,3.8,11.9
2024/1/21,21,8.1,13.1,4.1,87,57,0.9,12.3
2024/1/20,2.5,5.6,8.1,4.1,68,48,0,13.9
2024/1/19,0,9.4,15,4.3,53,34,7.9,8.1
2024/1/18,0,7.3,16.2,-0.4,43,18,7.4,15
2024/1/17,0,4.8,12.5,-2.7,41,20,9.5,13.5
2024/1/16,0,2.7,6.4,-3.6,43,23,8.3,17
2024/1/15,0,4,10.1,-3.4,49,25,9.4,14.5
2024/1/14,0,4.6,11.3,-1.6,46,26,9.4,10.7
2024/1/13,1.5,4.2,10.4,-0.4,61,36,4.5,11
2024/1/12,0,4.2,14.4,-5.2,56,22,9.3,14.3
2024/1/11,0,2.8,7.4,-2.1,53,30,0.7,14.7
2024/1/10,0,5,13.3,-3,56,30,7,13.2
2024/1/9,0,2.9,9.3,-2.9,53,30,9.2,14.1
2024/1/8,0,4.2,9.2,-0.8,41,16,9.3,11.2
2024/1/7,0,6.4,12.1,-0.7,52,24,6.7,10
2024/1/6,0,5.8,15.6,-2.8,67,28,8.9,15
2024/1/5,0,4.8,11.9,-1.4,63,37,9,9.8
2024/1/4,0,8.5,14.6,1.9,58,24,7.3,12.8
2024/1/3,0,5,10.4,-1.9,80,49,0.1,7.7
2024/1/2,0,3.6,8,-0.7,73,45,0.4,10.8
2024/1/1,0,8.2,11.9,1.7,45,28,9.2,8.3
2023/12/31,0,8.3,13.4,3.8,77,52,4.8,8.7
2023/12/30,0,6.8,14.7,0,68,33,7.7,11.2
2023/12/29,0,5.8,15.4,-2.2,67,28,9.1,12
2023/12/28,0,5.2,10.2,0.6,56,34,7.6,14.4
2023/12/27,0,7.6,12.5,0.4,47,32,2.4,12.3
2023/12/26,0,5.5,13.6,-1.7,64,27,9.2,12.3
2023/12/25,0,3.5,11.3,-3.8,65,30,9.1,12.9
2023/12/24,0,2,8.2,-1.8,64,37,3.6,15.6
2023/12/23,0,3.1,9.9,-3.1,49,18,9.2,12.3
2023/12/22,0,4,9.8,-1.7,37,20,7.4,10.3
2023/12/21,0,5.8,12.8,-0.4,48,14,9.1,11
2023/12/20,0,6.6,13.7,1.5,59,28,7.1,7.2
2023/12/19,0,5.2,9.7,1.4,54,32,3.8,11.2
2023/12/18,0,5.7,11.4,0.8,35,18,7,7.2
2023/12/17,0,10.2,16.7,4.8,32,17,8.7,9.9
2023/12/16,0,14.4,20.2,7,78,52,5.8,10
2023/12/15,0.5,9.8,12.3,7.4,72,56,0.3,9.2
2023/12/14,0,8.3,13.8,2.6,63,41,7.7,15.2
2023/12/13,0,10.7,14.9,6.3,43,28,9.2,6.3
2023/12/12,8,12.7,16.9,9.6,79,43,2.1,12.3
2023/12/11,0,12.1,14.8,8.4,76,60,0.4,9
2023/12/10,0,10.7,20,2.9,71,33,9.2,8.7
2023/12/9,0,10,18,2,68,37,9,7.3
2023/12/8,0,10.7,17.9,2.7,50,26,9.2,9.9
2023/12/7,0,10.9,18.3,3.3,61,21,7.4 ),11.6
2023/12/6,1,10.6,17.1,6.5,74,38,7.7,7.5
2023/12/5,0,6,9.7,1.6,72,48,0,10.8
2023/12/4,0,6.8,13.7,0.1,61,30,9.2,11.1
2023/12/3,0,6.7,13.8,0,67,41,9.2,11.6
2023/12/2,0,5.8,12.7,-0.3,69,33,8.1,6.3
2023/12/1,0,6.6,11,2.8,54,34,2.3,8.5
2023/11/30,0,8.8,16.4,2.5,55,25,8.3,9.2
2023/11/29,0,9.8,17.2,1.9,54,24,9.2,11.2
2023/11/28,0,11.6,21.5,5.4,63,26,8.3,10.4
2023/11/27,0,9.6,15.5,3.7,75,48,8.5,8.7
2023/11/26,0,6.6,8.1,4.6,81,46,0,6.6
2023/11/25,0,9.7,13.6,7.4,40,30,8.5,5
2023/11/24,0,13.4,23.6,5.4,64,32,9.3,6
2023/11/23,0,12.1,18.6,7.5,75,44,3.9,10.5
2023/11/22,0,11,19,2.9,72,38,9.5,4
2023/11/21,0,10.1,16.8,4.6,61,38,9.5,7.6
2023/11/20,0,10.8,17,4.3,59,35,9.6,7.1
2023/11/19,0,10.4,19.9,1.9,60,21,9.6,8.8
2023/11/18,0,9.5,16,3.8,63,19,6,7.2
2023/11/17,32.5,11.2,14.2,9,97,83,0,4.2
2023/11/16,0,11.4,17.4,4.8,73,38,7.4,7.5
2023/11/15,0,10.8,14.2,7.3,69,51,0.8,6.8
2023/11/14,0,11.2,18.1,2.9,46,20,9.7,6.9
2023/11/13,0,10.4,15.9,6.2,53,23,7.6,6.5
2023/11/12,0,9.7,10.9,8.4,69,46,0,7.3
2023/11/11,0,13.3,16.5,10.4,47,35,0,8.2
2023/11/10,1,13.9,15.6,11.5,90,79,0.1,6.7
2023/11/9,0,16.3,21.7,12.1,71,42,7.9,5.4
2023/11/8,0,17.1,21.2,12.3,53,32,9.8,6.3
2023/11/7,15,21.1,24.5,16,80,50,2,8
2023/11/6,0,21.8,25.7,17.5,79,57,1.9,5.7
2023/11/5,0.5,19.4,23.5,15.9,80,63,4,6
2023/11/4,0,17.7,26.1,10.3,78,47,8.7,8.1
2023/11/3,0,17,25.5,9.7,77,42,9.9,4
2023/11/2,0,17.2,26,9.6,72,28,10.1,7.8
2023/11/1,0,16.7,23.6,10,79,45,9.5,5.7
2023/10/31,0,16.5,21.5,12,74,50,3.8,9.4
2023/10/30,0,16.4,22.6,9,62,40,9.4,4.4
2023/10/29,0,16.1,21.5,12.4,57,36,3.5,6.5
2023/10/28,0.5,16.3,20.9,13.1,77,53,6.4,7.2
2023/10/27,0,16.6,23.8,10.8,70,37,9.1,4.5
2023/10/26,0,17.1,24.7,10.3,63,25,10.3,6.7
2023/10/25,0,16.7,22.1,12,73,45,4.6,8.8
2023/10/24,0,16.8,23.7,9.3,73,40,10.3,4.5
2023/10/23,0,15.4,22.8,8.3,64,26,9.1,8.7
2023/10/22,0,14.9,20.8,9.4,52,30,10.3,4.1
2023/10/21,0,17.7,21.5,12.5,44,33,1.7,7.7
2023/10/20,0,20,27.6,13,70,41,7.7,6.9
2023/10/19,0,18.8,25.3,12.6,73,34,8.6,4.4
2023/10/18,0,18,25,10.5,68,39,10.4,7.3
2023/10/17,0,18.5,25,13.2,57,28,10.5,7.3
2023/10/16,0,18.8,26.1,10.9,69,31,10.3,9
2023/10/15,32.5,15.5,19.4,13.1,94,76,0.8,10
2023/10/14,0,16.6,23.7,10.5,70,39,6,6.7
2023/10/13,0,17.9,23.1,12.9,59,23,10.5,6.7
2023/10/12,0,18.9,23.7,13.7,64,38,10.5,7.7
2023/10/11,0,20,24.9,15.5,55,32,10.1,5.3
2023/10/10,8,20.1,26.9,16.7,79,55,4.1,5.8
2023/10/9,25.5,15.3,17.3,13.3,99,87,0,3.5
2023/10/8,0,16.7,20.4,13.3,64,43,0.8,4.4
2023/10/7,0,18.6,24.4,14.1,46,25,8.3,6.2
2023/10/6,0,19.5,25.1,14.5,38,25,11,6
2023/10/5,0,19.2,24.1,15.4,75,39,1.3,7.2
2023/10/4,9,18.4,21.7,16.5,93,71,0,5.8
2023/10/3,0,21.7,26.5,13.7,56,33,7.7,7.2
2023/10/2,0,22.7,26.4,19.1,52,33,4.8,7.1
2023/10/1,0.5,23.4,26.7,22,92,75,0,6.9
2023/9/30,0,25.5,28.1,23.3,81,68,2.6,6.8
2023/9/29,0,26.7,29.8,24.8,69,56,2.9,7.6
2023/9/28,0,26.9,32.3,23.1,80,60,7.4,4.5
2023/9/27,0,25.2,30.6,21.6,79,51,4.4,7.4
2023/9/26,0,23.8,28.8,17.7,73,53,6.3,4.4
2023/9/25,0,22.2,27.6,16.4,69,42,8.1,8.5
2023/9/24,0,22.2,27.3,18.4,66,38,8.6,5.4
2023/9/23,4.5,22.2,25.5,18.8,87,63,0,6.7
2023/9/22,18,25,29.5,21.8,90,71,0,7.2
2023/9/21,2.5,26.6,30.2,24,83,71,0.2,5.8
2023/9/20,0.5,27.4,33.2,24.6,80,53,4.3,11
2023/9/19,0,28.9,34.5,24.2,73,46,11.5,8.7
2023/9/18,0,29.5,34.7,25.5,70,49,9.2,9.9
2023/9/17,0,28.8,34.4,25.1,78,53,5.6,11.8
2023/9/16,0,28.7,33.6,25.1,82,61,3.9,12.7
2023/9/15,3.5,28.2,33.5,25.3,84,56,3.9,6.2
2023/9/14,0,29,35,24.1,75,51,8.3,10.7
2023/9/13,0,28.2,34.5,22.4,71,38,11.9,10.9
2023/9/12,0,28.2,33.4,24.6,74,48,7.5,10.7
2023/9/11,0,28.7,32.6,25.7,76,54,5,8
2023/9/10,0,28,33.4,22.6,82,58,10.3,5.4
2023/9/9,1,24.7,28.2,21.6,95,81,0.6,6.4
2023/9/8,82.5,22,25.4,20.7,98,87,0,4
2023/9/7,0,26.7,30.8,23,76,52,2.1,6.3
2023/9/6,3,26.5,33.4,23.6,85,45,1.6,7.5
2023/9/5,0,29.5,35.5,25.2,76,53,10.9,10.6
2023/9/4,21.5,27,31,24.2,89,68,1.2,10.4
2023/9/3,0.5,28.7,33.7,24.3,76,44,6.2,8.6
2023/9/2,0,29.4,35.1,25.2,71,45,9.1,10.9
2023/9/1,0,29.6,35,24.8,66,38,12.1,9.4
2023/8/31,0,30,35,26.9,67,37,9.3,13.6
2023/8/30,0,29.8,35.1,25.7,73,46,10,10.2
2023/8/29,0,29.8,36.3,25.1,73,38,11.8,11.5
2023/8/28,0,29.8,35.5,25.2,71,40,7.5,9.1
2023/8/27,2,27.5,31.9,24.1,83,55,6.3,12.3
2023/8/26,1,29,33.3,25.8,76,52,5.2,10.8
2023/8/25,0,30.1,35.3,25.9,71,44,12.5,8.9
2023/8/24,1,29.8,34,26.1,77,55,10.2,12.1
2023/8/23,7.5,29.4,33.9,26.7,83,62,5.8,11.2
2023/8/22,9.5,28.2,32.2,26.3,89,65,2.8,12.8
2023/8/21,0,30.1,34.3,26,75,52,5,11.1
2023/8/20,0,30.7,35.6,26.1,72,48,8.6,12.1
2023/8/19,0,30.2,36,26.3,78,49,9.4,8.5
2023/8/18,0,30.2,35.8,26.6,77,49,8.5,11.8
2023/8/17,0,30.1,35.3,25.9,77,55,11.4,11.7
2023/8/16,1.5,28.7,32,26.1,83,64,4.8,8.9
2023/8/15,8.5,29,32.5,26.1,83,64,1.5,11.5
2023/8/14,22.5,28.7,32.3,26.4,88,68,5.1,9.5
2023/8/13,6.5,28,32.1,25.3,89,68,2.7,10.4
2023/8/12,0,30,35.6,25.5,70,43,10.1,11.3
2023/8/11,0,28.9,34,25,76,49,8.5,9.8
2023/8/10,0,29.8,34.6,26.5,71,45,12.2,9.9
2023/8/9,30,28.3,32.9,26,89,69,1,11.6
2023/8/8,4.5,29.2,35.2,25.4,80,51,4.3,11.8
2023/8/7,0,30.1,35,26.6,70,45,8.3,8.8
2023/8/6,3,29.7,34.1,27,75,51,7.6,8.8
2023/8/5,0,31,36.6,26.9,68,43,10.7,14.6
2023/8/4,0,31.5,37.9,25.7,65,38,11.9,11.9
2023/8/3,0,30.2,35.9,25,64,40,12.2,12
2023/8/2,0,28.9,35.9,23,71,43,10.6,10.2
2023/8/1,14.5,26.9,31,23.8,80,70,0.8,9.4
2023/7/31,0,31.1,37.7,26.3,66,41,9.9,12.7
2023/7/30,0,31,37.9,24.3,65,33,13.3,13.2
2023/7/29,0,30.5,37.3,25.5,64,34,13,12.7
2023/7/28,0,30.7,37.4,26.3,66,39,12,10.1
2023/7/27,0,31.1,38.7,25.7,59,32,11.2,12.3
2023/7/26,0,31,38.8,23.9,54,27,13.1,10.4
2023/7/25,0,30.3,37.7,23.4,59,27,13.4,9.3
2023/7/24,0,28.9,36.3,23.2,66,27,13.4,7.6
2023/7/23,0,28.4,34.7,23.1,63,32,13.1,10.8
2023/7/22,0,27.5,33.6,24.1,67,42,6.3,10.1
2023/7/21,0,27.3,32.3,24.3,69,49,6.4,7.7
2023/7/20,0,28.2,32.5,24.9,70,46,3.9,10.4
2023/7/19,0,29.6,34.7,25.9,75,46,3.2,10.8
2023/7/18,0,32,38.2,26.5,57,33,10.9,14.3
2023/7/17,0,32,37.6,26.1,60,38,13.1,11.3
2023/7/16,0,31.8,38.7,25.5,64,38,13.1,10.8
2023/7/15,0,28.8,34.7,25.3,75,45,2,12.5
2023/7/14,0,27.3,31.8,24.6,77,56,1.3,10
2023/7/13,0,27.3,31.4,23.7,73,52,0.1,12.2
2023/7/12,0,30.7,38.5,25,64,33,10.4,9.9
2023/7/11,0,30.1,36.5,24.2,70,40,12.8,13.2
2023/7/10,0,30.4,38,25,72,40,11.4,10
2023/7/9,0.5,27.6,31.5,23.3,85,72,2.1,10.2
2023/7/8,2,25.5,27.3,23.7,89,71,0,8.2
2023/7/7,0,28.8,35.8,23.2,65,34,10.9,8.3
2023/7/6,3,27.3,33,22.8,77,50,6.8,10.6
2023/7/5,0,25.7,28.9,23.1,77,59,0.2,4.8
2023/7/4,1,26.3,30.5,22.3,71,51,8.9,7.8
2023/7/3,1.5,27.8,33.8,22.7,76,36,8.5,10.8
2023/7/2,0.5,26.7,33.6,21.6,71,36,10.9,12.6
2023/7/1,4,26.2,28.6,21.8,88,77,0.1,7
2023/6/30,2.5,26.6,31.5,23.9,88,69,0.5,7.3
2023/6/29,2,27.6,34.1,22.9,77,43,8.7,9.1
2023/6/28,0.5,27.1,33.6,23.2,80,53,5.9,7.1
2023/6/27,0,26.2,30,23.6,78,57,0.3,7
2023/6/26,0,26.2,31.4,22.9,74,47,2.2,10.1
2023/6/25,0,26,32.3,21.5,72,40,10.2,4.1
2023/6/24,0,24.9,29.7,20.1,74,49,5.1,7.6
2023/6/23,0,21.1,25,16.7,83,66,0,4.2
2023/6/22,15,19.1,22.2,16.2,86,67,0,5
2023/6/21,0,23,27.3,18.4,67,44,4.6,6.5
2023/6/20,0,22.9,28,19.9,66,43,5.4,5.1
2023/6/19,0,23.6,27.9,20.8,66,51,5.8,7.8
2023/6/18,0,26.8,33.7,20.2,66,36,11.2,8.3
2023/6/17,0,25,32.5,18,60,32,13.9,4
2023/6/16,2,24.2,29.8,20,65,37,12.5,5.9
2023/6/15,5,22.3,25.7,20.7,90,72,0.2,8.1
2023/6/14,12,23,25.8,21.4,92,82,0,4.3
2023/6/13,0,24.3,30.2,20.4,82,57,5.2,6
2023/6/12,5,21,22.2,19.9,98,94,0,5.8
2023/6/11,13,21.3,22.5,20.5,94,88,0,3.4
2023/6/10,1.5,22.7,27.3,19.4,85,65,0.6,6
2023/6/9,23,20.4,22.5,18.3,93,83,0,5.1
2023/6/8,1.5,23.9,29.5,19.1,68,27,4.6,6.1
2023/6/7,1.5,23.2,29.7,17.4,66,33,8.8,5.4
2023/6/6,0,21,25.5,17,72,44,0.3,5.6
2023/6/5,0,23.2,30.3,17,56,20,7.4,7.5
2023/6/4,0,21.5,27.7,14.7,65,43,6,3.8
2023/6/3,50,20.5,24.5,17.9,75,32,5.2,6.6
2023/6/2,185,19.8,22.8,18.5,99,88,0,4.1
2023/6/1,0,20.7,26.1,13.6,70,37,8.4,5
2023/5/31,3.5,19.8,23.2,16.4,62,29,2.4,6
2023/5/30,0.5,22.3,27,19.2,81,55,3.3,5.9
2023/5/29,9,20.2,22,19.1,90,75,0,12.5
2023/5/28,0,22.1,26.3,17.7,65,36,4.3,4.6
2023/5/27,0,21.2,27.9,14.8,65,33,12.9,4.8
2023/5/26,0,20.1,25.4,14,63,31,2.7,5.5
2023/5/25,0,18.1 ),24.9 ),11.9 ),59 ),42 ),6,5.7
2023/5/24,0,17.5,23.3,10.9,54,26,13.4,7.4
2023/5/23,18.5,13.9,15.8,13.1,95,77,0,4.7
2023/5/22,8.5,21.4,29.1,15.3,82,47,6.4,4.1
2023/5/21,0,21.4,26.9,17,77,55,6.8,2.3
2023/5/20,0.5,19.3,22.5,17.2,88,71,0.3,2.4
2023/5/19,12.5,21,24.4,17.5,73,37,0,5.2
2023/5/18,0,25.6,33.2,17.1,46,16,12,7.8
2023/5/17,0,23.1,32.4,13.5,61,23,13,5.4
2023/5/16,0,19.7,27.6,11.7,64,25,13.5,6.9
2023/5/15,8,16,18.4,13.8,93,79,0,5
2023/5/14,4,17.2,20.6,15.2,80,55,0,6.4
2023/5/13,5,16.3,19.1,13.7,85,67,0,7.3
2023/5/12,1,16.5,21.6,9.9,65,42,6.6,8.3
2023/5/11,0,16.3,22.1,11.6,68,36,6.4,6.8
2023/5/10,0,17.4,25.9,8.5,58,22,10.1,4.2
2023/5/9,0,14.9,19.9,9.8,50,25,12.1,6.2
2023/5/8,19,13.8,20.4,10,72,35,1.3,6.7
2023/5/7,21.5,17.2,22.9,11.7,90,69,0,4.8
2023/5/6,0,24,29.7,20,51,32,3.2,9.4
2023/5/5,0,20.9,27.5,13.1,60,33,11.5,3.5
2023/5/4,0,19.8,27,11.8,57,29,12.9,8.2
2023/5/3,0,17.5,25.2,8.6,50,27,10.4,4.9
2023/5/2,0,16.5,21.9,11.4,38,17,13,5.9
2023/5/1,0,17.8,23,13.5,62,40,6,4.5
2023/4/30,1,19.3,22,16,86,69,0,6.8
2023/4/29,0,18.6,24.1,11.1,67,38,10,7.4
2023/4/28,0,17.9,24.2,10.3,62,38,12,3.3
2023/4/27,0,16.9,23,10.1,50,27,12.8,6.1
2023/4/26,14.5,14.6,16.9,12.4,84,49,0,4.3
2023/4/25,0,13.5,18.2,6.3,52,28,5.7,5.8
2023/4/24,0,13.2,16.5,10,27,17,0.7,4.4
2023/4/23,0,14.1,20.3,8.3,30,12,12,3.5
2023/4/22,0,14.9,19.5,11.6,32,19,4.5,4.6
2023/4/21,0,21.4,28.3,14.8,64,36,9.2,4.5
2023/4/20,0,20.3,26.5,14.3,68,43,12.3,5.1
2023/4/19,0,17.3,26,7.8,68,32,10.6,5
2023/4/18,0,12,19.5,6.3,64,36,3.9,3.9
2023/4/17,0,14.6,18.9,9.3,42,24,11,4
2023/4/16,1.5,16.6,23.6,12.7,76,42,4.1,12.8
2023/4/15,25,14.3,17.2,13.1,89,59,0,7.4
2023/4/14,0,16.6,23.2,9,58,28,5.5,4.4
2023/4/13,0,15.7,21.3,10.2,38,12,11.9,6.2
2023/4/12,0,19.1,25,12.5,57,40,5.1,8.6
2023/4/11,0,17.2,25.4,7.2,55,26,11.5,6.8
2023/4/10,0,13.3,21.5,3.5,46,26,12.4,4.5
2023/4/9,0,10.9,17,4.3,34,16,12.2,7
2023/4/8,1,13.9,17.8,7,67,33,0.1,7.6
2023/4/7,0,19.3,21.9,17.8,76,58,0.1,5.9
2023/4/6,0.5,18.7,23.3,15.2,67,47,2.2,5.8
2023/4/5,0,15.5,22.1,7,53,21,5.4,4.8
2023/4/4,0,13.4,20.9,4.8,53,15,10.6,7.8
2023/4/3,0,12.6,18,7.8,54,34,9.4,4.8
2023/4/2,0,13.9,17.7,11.5,64,53,1.5,7.9
2023/4/1,0,15.1,22.2,7.4,62,34,11.7,6.7
2023/3/31,0,13.8,20.3,8,75,37,5.5,3.6
2023/3/30,0,14.1,19.7,10,75,34,6.8,6.5
2023/3/29,3,12.3,18.2,6.9,76,39,7,5.7
2023/3/28,2,10.2,12.5,8.4,76,53,1.7,5.4
2023/3/27,0,12.9,15.3,10.5,50,31,0,7.6
2023/3/26,15,11.4,13.2,10.1,97,68,0,4.1
2023/3/25,16.5,10.7,14,8.8,95,87,0,7.7
2023/3/24,7,17.6,22.8,13.8,85,49,1,4.8
2023/3/23,10,15.4,17.2,13.1,99,92,0,4.5
2023/3/22,0,16.4,23,9.4,71,37,11.1,8
2023/3/21,0,13.7,18.2,6.4,72,52,4.2,6.8
2023/3/20,0,12,19.4,3.3,57,28,9.7,7.3
2023/3/19,0,10.2,15.6,5,50,24,11.3,6.8
2023/3/18,17,8.1,9.3,7.1,93,80,0,9
2023/3/17,4.5,11.9,15.3,8.9,76,62,0.7,4.6
2023/3/16,0,13.7,20.8,6.4,64,33,10.1,6.1
2023/3/15,0,12.3,17.7,7.4,63,39,10.2,7.7
2023/3/14,0,9.9,14.4,7.2,50,35,7.5,7.9
2023/3/13,13,13.4,16.8,7.9,69,45,0,7.5
2023/3/12,0,13.5,19.1,6,62,41,6,9.8
2023/3/11,0,13.9,21.4,5.7,40,15,11.1,2.6
2023/3/10,0,17.1,22.8,9.8,45,27,8.5,6.9
2023/3/9,0,15.1,23.2,5.6,52,18,10,5.4
2023/3/8,0,12.7,21.7,2.9,53,20,11,6.7
2023/3/7,0,11.1,19.2,2.1,66,24,11,7.3
2023/3/6,0,9.7,14.6,5.6,78,54,4.9,11.9
2023/3/5,0,9,12.7,4.3,52,38,4.5,10
2023/3/4,0,8.8,17.1,0.5,45,20,9.5,11.4
2023/3/3,0,7.1,12.9,1.6,47,24,10.3,9
2023/3/2,0,11,18.4,4.4,44,24,4.1,10.6
2023/3/1,0,11,18.1,0.7,49,21,3.6,9.5
2023/2/28,0,9.8,20.1,-1.1,49,19,10.7,13.1
2023/2/27,0,8.1,15.5,1.6,44,18,10.7,12.6
2023/2/26,0,5,9.5,0.2,33,23,10.7,17
2023/2/25,0,6.3,10.4,2.4,49,23,4.1,14.6
2023/2/24,1.5,7.6,12.6,2.8,72,41,0,10.1
2023/2/23,0,6.7,14.3,2.3,47,32,6.4,13.7
2023/2/22,0,4.7,10.6,-1.1,38,21,10.5,15.5
2023/2/21,0,3.4,8.2,-0.5,37,19,10.5,16.4
2023/2/20,0,9.1,13.7,3.3,34,26,9.3,12.5
2023/2/19,0,10.3,18,2.6,56,36,4.4,6.5
2023/2/18,0,7.2,15.7,-1.9,58,18,9.8,8.5
2023/2/17,0,3.8,11.1,-2.9,57,29,10.1,13.5
2023/2/16,0,3.5,8.8,-1.2,44,24,10.3,18.7
2023/2/15,0,2.8,6.9,0.5,35,24,10.2,15.3
2023/2/14,0,4.9,9.8,1.6,43,25,6.6,17
2023/2/13,5,7.3,9,5.4,86,64,0,9.7
2023/2/12,0,9.4,17.2,1.8,69,48,8,10.1
2023/2/11,0,8.2,13.6,2,58,35,9.5,13.4
2023/2/10,22,0.7,2.1,-0.5,86,48,0,19.6
2023/2/9,0,4.8,9.6,1.4,42,23,10.1,11
2023/2/8,1.5,8.3,12.2,4,69,43,5.2,13.4
2023/2/7,0,9.4,15.1,3.9,60,35,4.7,11.9
2023/2/6,0,6.3,13.9,-1.5,58,22,9.2,11.5
2023/2/5,0,5.8,11.5,-0.7,54,24,9.8,13
2023/2/4,0,5.3,11.3,-0.4,55,34,9.6,15.1
2023/2/3,0,4.3,6.4,1.9,43,34,0.8,12.6
2023/2/2,0,5.7,9.3,2.3,33,17,6.1,14.4
2023/2/1,0,4,13.8,-5,48,19,9.7,